NutrientID,NutrientCode,NutrientSymbol,NutrientUnit,NutrientName,NutrientNameF,Tagname,NutrientDecimals
203,203,PROT,g,PROTEIN,PROT蒊NES,PROCNT,2
204,204,FAT,g,FAT (TOTAL LIPIDS),LIPIDES TOTAUX,FAT,2
205,205,CARB,g,"CARBOHYDRATE, TOTAL (BY DIFFERENCE)",GLUCIDES TOTAUX (PAR DIFF蒖ENCE),CHOCDF,2
207,207,ASH,g,"ASH, TOTAL","CENDRES, TOTALES",ASH,2
208,208,KCAL,kCal,ENERGY (KILOCALORIES),蒒ERGIE (KILOCALORIES),ENERC_KCAL,0
810,209,STAR,g,STARCH,AMIDON,STARCH,2
210,210,SUCR,g,SUCROSE,SUCROSE,SUCS,2
211,211,GLUC,g,GLUCOSE,GLUCOSE,GLUS,2
212,212,FRUC,g,FRUCTOSE,FRUCTOSE,FRUS,2
213,213,LACT,g,LACTOSE,LACTOSE,LACS,2
214,214,MALT,g,MALTOSE,MALTOSE,MALS,2
221,221,ALCO,g,ALCOHOL,ALCOOL,ALC,2
245,245,OXAL,mg,OXALIC ACID,ACIDE OXALIQUE,OXALAC,0
255,255,H2O,g,MOISTURE,EAU,WATER,2
260,260,MANN,g,MANNITOL,MANNITOL,MANTL,2
261,261,SORB,g,SORBITOL,SORBITOL,SORTL,2
262,262,CAFF,mg,CAFFEINE,CAF蒊NE,CAFFN,0
263,263,THBR,mg,THEOBROMINE,TH蒓BROMINE,THEBRN,0
268,268,KJ,kJ,ENERGY (KILOJOULES),蒒ERGIE (KILOJOULES),ENERC_KJ,0
269,269,TSUG,g,"SUGARS, TOTAL",SUCRES TOTAUX,SUGAR,2
287,287,GAL,g,GALACTOSE,GALACTOSE,GALS,2
291,291,TDF,g,"FIBRE, TOTAL DIETARY",FIBRES ALIMENTAIRES TOTALES,FIBTG,1
301,301,CA,mg,CALCIUM,CALCIUM,CA,0
303,303,FE,mg,IRON,FER,FE,2
304,304,MG,mg,MAGNESIUM,MAGN蒘IUM,MG,0
305,305,P,mg,PHOSPHORUS,PHOSPHORE,P,0
306,306,K,mg,POTASSIUM,POTASSIUM,K,0
307,307,NA,mg,SODIUM,SODIUM,NA,0
309,309,ZN,mg,ZINC,ZINC,ZN,2
312,312,CU,mg,COPPER,CUIVRE,CU,3
315,315,MN,mg,MANGANESE,MANGAN萐E,MN,3
317,317,SE,礸,SELENIUM,S蒐蒒IUM,SE,1
319,319,RT-礕,礸,RETINOL,R蒚INOL,RETOL,0
814,320,RAE,礸,RETINOL ACTIVITY EQUIVALENTS,蒕UIVALENTS D'ACTIVIT?DU R蒚INOL,VITA_RAE,0
321,321,BC-礕,礸,BETA CAROTENE,B蒚A CAROT萅E,CARTB,0
834,322,AC-礕,礸,ALPHA CAROTENE,ALPHA-CAROT萅E,CARTA,0
323,323,ATMG,mg,ALPHA-TOCOPHEROL,ALPHA-TOCOPH蒖OL,TOCPHA,2
324,324,D-IU,IU,VITAMIN D (INTERNATIONAL UNITS),VITAMINE D (UNITES INTERNATIONALES),VITD_IU,0
876,325,D2-礕,礸,"VITAMIN D2, ERGOCALCIFEROL","VITAMINE D2, (ERGOCALCIF蒖OL)",ERGCAL,1
339,328,D3+D2-礕,礸,VITAMIN D (D2 + D3),VITAMINE D (D2 + D3),VITD_ 礕,1
835,334,CRYPX,礸,BETA CRYPTOXANTHIN,B蔜A-CRYPTOZANTHINE,CRYPX,0
836,337,LYCPN,礸,LYCOPENE,LYCOP萅E,LYCPN,0
837,338,LUT+ZEA,礸,LUTEIN AND ZEAXANTHIN,LUT蒊NE ET Z葾XANTHINE,LUT+ZEA,0
811,341,BTMG,mg,BETA-TOCOPHEROL,B蔜A-TOCOPH蒖OL,TOCPHB,2
812,342,GTMG,mg,GAMMA-TOCOPHEROL,GAMMA-TOCOPH蒖OL,TOCPHG,2
813,343,DTMG,mg,DELTA-TOCOPHEROL,DELTA-TOCOPH蒖OL,TOCPHD,2
401,401,VITC,mg,VITAMIN C,VITAMINE C,VITC,1
404,404,THIA,mg,THIAMIN,THIAMINE,THIA,3
405,405,RIBO,mg,RIBOFLAVIN,RIBOFLAVINE,RIBF,3
406,406,N-MG,mg,NIACIN (NICOTINIC ACID) PREFORMED,NIACINE (ACIDE NICOTINIQUE) PR蒄ORM蒃,NIA,3
409,409,N-NE,NE,TOTAL NIACIN EQUIVALENT,蒕UIVALENT EN NIACINE TOTALE,NIAEQ,3
410,410,PANT,mg,PANTOTHENIC ACID,ACIDE PANTOTH蒒IQUE,PANTAC,3
415,415,B6,mg,VITAMIN B-6,VITAMINE B-6,VITB6A,3
416,416,BIOT,礸,BIOTIN,BIOTINE,BIOT,0
417,417,FOLA,礸,TOTAL FOLACIN,FOLACINE TOTALE,FOL,0
418,418,B12,礸,VITAMIN B-12,VITAMINE B-12,VITB12,2
862,421,CHOLN,mg,"CHOLINE, TOTAL","CHOLINE, TOTALE",CHOLN,1
430,430,VITK,礸,VITAMIN K,VITAMINE K,VITK,1
431,431,FOAC,礸,FOLIC ACID,ACIDE FOLIQUE,FOLAC,0
806,432,FOLN,礸,NATURALLY OCCURRING FOLATE,FOLATES PR蒘ENTS NATURELLEMENT,FOLFD,0
815,435,DFE,礸,DIETARY FOLATE EQUIVALENTS,蒕UIVALENTS DE FOLATE ALIMENTAIRE (蒄A),FOLDFE,0
863,454,BETN,mg,BETAINE,B蒚A螻E,BETN,1
501,501,TRP,g,TRYPTOPHAN,TRYPTOPHANE,TRP,3
502,502,THR,g,THREONINE,THR蒓NINE,THR,3
503,503,ISO,g,ISOLEUCINE,ISOLEUCINE,ILE,3
504,504,LEU,g,LEUCINE,LEUCINE,LEU,3
505,505,LYS,g,LYSINE,LYSINE,LYS,3
506,506,MET,g,METHIONINE,M蒚HIONINE,MET,3
507,507,CYS,g,CYSTINE,CYSTINE,CYS,3
508,508,PHE,g,PHENYLALANINE,PH蒒YLALANINE,PHE,3
509,509,TYR,g,TYROSINE,TYROSINE,TYR,3
510,510,VAL,g,VALINE,VALINE,VAL,3
511,511,ARG,g,ARGININE,ARGININE,ARG,3
512,512,HIS,g,HISTIDINE,HISTIDINE,HIS,3
513,513,ALA,g,ALANINE,ALANINE,ALA,3
514,514,ASP,g,ASPARTIC ACID,ACIDE ASPARTIQUE,ASP,3
515,515,GLU,g,GLUTAMIC ACID,ACIDE GLUTAMIQUE,GLU,3
516,516,GLY,g,GLYCINE,GLYCINE,GLY,3
517,517,PRO,g,PROLINE,PROLINE,PRO,3
518,518,SER,g,SERINE,SERINE,SER,3
828,521,HYP,g,HYDROXYPROLINE,HYDROXYPROLINE,HYP,3
550,550,ASPA,mg,ASPARTAME,ASPARTAME,,0
875,573,ATMG-A,mg,"ALPHA-TOCOPHEROL, ADDED","ALPHA-TOCOPH蒖OL, AJOUT?,,2
874,578,B12-A,礸,"VITAMIN B12, ADDED","VITAMINE B12, AJOUT蒃",,2
601,601,CHOL,mg,CHOLESTEROL,CHOLESTEROL,CHOLE,0
605,605,TRFA,g,"FATTY ACIDS, TRANS, TOTAL",ACIDES GRAS TRANS TOTAUX,FATRN,3
606,606,TSAT,g,"FATTY ACIDS, SATURATED, TOTAL",ACIDES GRAS SATUR蒘 TOTAUX,FASAT,3
607,607,4:0,g,"FATTY ACIDS, SATURATED, 4:0, BUTANOIC","ACIDES GRAS SATUR蒘, 4:0, BUTANO螿UE",F4D0,3
608,608,6:0,g,"FATTY ACIDS, SATURATED, 6:0, HEXANOIC","ACIDES GRAS SATUR蒘, 6:0, HEXANO螿UE",F6D0,3
609,609,8:0,g,"FATTY ACIDS, SATURATED, 8:0, OCTANOIC","ACIDES GRAS SATUR蒘, 8:0, OCTANO螿UE",F8D0,3
610,610,10:0,g,"FATTY ACIDS, SATURATED, 10:0, DECANOIC","ACIDES GRAS SATUR蒘, 10:0, D蒀ANO螿UE",F10D0,3
611,611,12:0,g,"FATTY ACIDS, SATURATED, 12:0, DODECANOIC","ACIDES GRAS SATUR蒘, 12:0, DOD蒀ANO螿UE",F12D0,3
612,612,14:0,g,"FATTY ACIDS, SATURATED, 14:0, TETRADECANOIC","ACIDES GRAS SATUR蒘, 14:0, T蒚RAD蒀ANO螿UE",F14D0,3
613,613,16:0,g,"FATTY ACIDS, SATURATED, 16:0, HEXADECANOIC","ACIDES GRAS SATUR蒘, 16:0, HEXAD蒀ANO螿UE",F16D0,3
614,614,18:0,g,"FATTY ACIDS, SATURATED, 18:0, OCTADECANOIC","ACIDES GRAS SATUR蒘, 18:0,  OCTAD蒀ANO螿UE",F18D0,3
615,615,20:0,g,"FATTY ACIDS, SATURATED, 20:0, EICOSANOIC","ACIDES GRAS SATUR蒘, 20:0, E螩OSANO螿UE",F20D0,3
617,617,18:1undiff,g,"FATTY ACIDS, MONOUNSATURATED, 18:1undifferentiated, OCTADECENOIC","ACIDES GRAS MONOINSATUR蒘, 18:1non diff閞enci? OCTAD蒀蒒O螿UE",F18D1,3
618,618,18:2undiff,g,"FATTY ACIDS, POLYUNSATURATED, 18:2undifferentiated, LINOLEIC, OCTADECADIENOIC","ACIDES GRAS POLYINSATUR蒘, 18:2non diff閞enci?  LINOL蒊QUE, OCTAD蒀ADI蒒O螿UE",F18D2,3
619,619,18:3undiff,g,"FATTY ACIDS, POLYUNSATURATED, 18:3undifferentiated, LINOLENIC, OCTADECATRIENOIC","ACIDES GRAS POLYINSATUR蒘, 18:3non diff閞enci? LINOL蒒IQUE, OCTAD蒀ATRI蒒O螿UE",F18D3,3
620,620,20:4undiff,g,"FATTY ACIDS, POLYUNSATURATED, 20:4, EICOSATETRAENOIC","ACIDES GRAS POLYINSATUR蒘, 20:4, E螩OSAT蒚RA蒒O螿UE",F20D4,3
621,621,22:6n-3DHA,g,"FATTY ACIDS, POLYUNSATURATED, 22:6 n-3, DOCOSAHEXAENOIC (DHA)","ACIDES GRAS POLYINSATUR蒘,  22:6 n-3, DOCOSAHEXA蒒O螿UE",F22D6N3,3
624,624,22:0,g,"FATTY ACIDS, SATURATED, 22:0, DOCOSANOIC","ACIDES GRAS SATUR蒘, 22:0, DOCOSANO螿UE",F22D0,3
625,625,14:1,g,"FATTY ACIDS, MONOUNSATURATED, 14:1, TETRADECENOIC","ACIDES GRAS MONOINSATUR蒘, 14:1, T蒚RAD蒀蒒O螿UE",F14D1,3
626,626,16:1undiff,g,"FATTY ACIDS, MONOUNSATURATED, 16:1undifferentiated, HEXADECENOIC","ACIDES GRAS MONOINSATUR蒘, 16:1non diff閞enci? HEXAD蒀蒒O螿UE",F16D1,3
627,627,18:4,g,"FATTY ACIDS, POLYUNSATURATED, 18:4, OCTADECATETRAENOIC","ACIDES GRAS POLYINSATUR蒘, 18:4, OCTAD蒀AT蒚RA蒒O螿UE",F18D4,3
628,628,20:1,g,"FATTY ACIDS, MONOUNSATURATED, 20:1, EICOSENOIC","ACIDES GRAS MONOINSATUR蒘, 20:1, E螩OS蒒O螿UE",F20D1,3
629,629,20:5n-3EPA,g,"FATTY ACIDS, POLYUNSATURATED, 20:5 n-3, EICOSAPENTAENOIC (EPA)","ACIDES GRAS POLYINSATUR蒘, 20:5 n-3, E螩OSAPENTA蒒O螿UE",F20D5N3,3
630,630,22:1undiff,g,"FATTY ACIDS, MONOUNSATURATED, 22:1undifferentiated, DOCOSENOIC","ACIDES GRAS MONOINSATUR蒘, 22:1non diff閞enci? DOCOS蒒O螿UE",F22D1,3
631,631,22:5n-3DPA,g,"FATTY ACIDS, POLYUNSATURATED, 22:5 n-3, DOCOSAPENTAENOIC (DPA)","ACIDES GRAS POLYINSATUR蒘, 22:5 n-3, DOCOSAPENTA蒒O螿UE",F22D5N3,3
636,636,TPST,mg,TOTAL PLANT STEROL,ST蒖OLS V蒅蒚AUX TOTAUX,PHYSTR,0
638,638,STIG,mg,STIGMASTEROL,STIGMAST蒖OL,STID7,0
866,639,CAMSTR,mg,CAMPESTEROL,CAMPEST蒖OL,CAMD5,0
816,641,SITSTR,mg,BETA-SITOSTEROL,B蒚A-SITOST蒖OL,SITSTR,0
645,645,MUFA,g,"FATTY ACIDS, MONOUNSATURATED, TOTAL",ACIDES GRAS MONOINSATUR蒘  TOTAUX,FAMS,3
646,646,PUFA,g,"FATTY ACIDS, POLYUNSATURATED, TOTAL",ACIDES GRAS POLYINSATUR蒘 TOTAUX,FAPU,3
652,652,15:0,g,"FATTY ACIDS, SATURATED, 15:0, PENTADECANOIC","ACIDES GRAS SATUR蒘, 15:0, PENTAD蒀ANO螿UE",F15D0,3
653,653,17:0,g,"FATTY ACIDS, SATURATED, 17:0, HEPTADECANOIC","ACIDES GRAS SATUR蒘, 17:0, HEPTAD蒀ANO螿UE",F17D0,3
654,654,24:0,g,"FATTY ACIDS, SATURATED, 24:0, TETRACOSANOIC","ACIDES GRAS SATUR蒘, 24:0, T蒚RASANO螿UE",F24D0,3
817,662,16:1t,g,"FATTY ACIDS, MONOUNSATURATED, 16:1t, HEXADECENOIC","ACIDES GRAS MONOINSATUR蒘, 16:1t, HEXAD蒀蒒O螿UE",F16D1T,3
818,663,18:1t,g,"FATTY ACIDS, MONOUNSATURATED, 18:1t, OCTADECENOIC","ACIDE GRAS MONOINSATUR蒘, 18:1t, OCTAD蒀蒒O螿UE",F18D1T,3
852,664,22:1t,g,"FATTY ACIDS, MONOUNSATURATED, 22:1t, DOCOSENOIC","ACIDE GRAS MONOINSATUR蒘, 22:1t, DOCOS蒒O螿UE",,3
819,666,18:2i,g,"FATTY ACIDS, POLYUNSATURATED, 18:2i, LINOLEIC, OCTADECADIENOIC","ACIDES GRAS POLYINSATUR蒘, 18:2i, LINOL蒊QUE, OCTAD蒀ADI蒒O螿UE",,3
853,669,"18:2t,t",g,"FATTY ACIDS, POLYUNSATURATED, 18:2t,t , OCTADECADIENENOIC","ACIDES GRAS POLYINSATUR蒘, 18:2t,t , OCTADECADI蒒O螿UE",F18D2TT,3
838,670,18:2cla,g,"FATTY ACIDS, POLYUNSATURATED, CONJUGATED, 18:2 cla, LINOLEIC, OCTADECADIENOIC","ACIDES GRAS POLYINSATUR蒘 CONJUGU蒘, 18:2 cla, LINOL蒊QUE, OCTAD蒀ADI蒒O螿UE",F18D2CLA,3
820,671,24:1c,g,"FATTY ACIDS, MONOUNSATURATED, 24:1c, TETRACOSENOIC","ACIDES GRAS MONOINSATUR蒘, 24:1c, T蒚RACOS蒒O螿UE",F24D1C,3
823,672,20:2cc,g,"FATTY ACIDS, POLYUNSATURATED, 20:2 c,c  EICOSADIENOIC","ACIDES GRAS POLYINSATUR蒘, 20:2 c,c  E螩OSADI蒒O螿UE",F20D2CN6,3
821,673,16:1c,g,"FATTY ACIDS, MONOUNSATURATED, 16:1c, HEXADECENOIC","ACIDES GRAS MONOINSATUR蒘, 16:1c, HEXAD蒀蒒O螿UE",F16D1C,3
824,674,18:1c,g,"FATTY ACIDS, MONOUNSATURATED, 18:1c, OCTADECENOIC","ACIDES GRAS MONOINSATUR蒘, 18:1c, OCTAD蒀蒒O螿UE",F18D1C,3
825,675,18:2ccn-6,g,"FATTY ACIDS, POLYUNSATURATED, 18:2 c,c n-6,  LINOLEIC, OCTADECADIENOIC","ACIDES GRAS POLYINSATUR蒘, 18:2 c,c n-6, LINOL蒊QUE, OCTAD蒀ADI蒒O螿UE",F18D2CN6,3
840,676,22:1c,g,"FATTY ACIDS, MONOUNSATURATED, 22:1c, DOCOSENOIC","ACIDES GRAS MONOINSATUR蒘, 22:1c, DOCOS蒒O螿UE",,3
832,685,18:3cccn-6,g,"FATTY ACIDS, POLYUNSATURATED, 18:3 c,c,c n-6, g-LINOLENIC, OCTADECATRIENOIC","ACIDES GRAS POLYINSATUR蒘, 18:3 c,c,c n-6, g-LINOL蒒IQUE, OCTAD蒀ATRI蒒O螿UE",F18D3CN6,3
826,687,17:1,g,"FATTY ACIDS, MONOUNSATURATED, 17:1, HEPTADECENOIC","ACIDES GRAS MONOINSATUR蒘, 17:1, HEPTAD蒀蒒O螿UE",F17D1,3
827,689,20:3undiff,g,"FATTY ACIDS, POLYUNSATURATED, 20:3, EICOSATRIENOIC","ACIDES GRAS POLYINSATUR蒘, 20:3, E螩OSATRI蒒O螿UE",F20D3,3
829,693,TRMO,g,"FATTY ACIDS, TOTAL TRANS-MONOENOIC",ACIDES GRAS TRANS MONO蒒O螿UES TOTAUX,FATRNM,3
859,695,TRPO,g,"FATTY ACIDS, TOTAL TRANS-POLYENOIC",ACIDES GRAS TRANS POLY蒒O螿UES TOTAUX,FATRNP,3
830,696,13:0,g,"FATTY ACIDS, SATURATED, 13:0 TRIDECANOIC","ACIDES GRAS SATUR蒘, 13:0, TRID蒀ANO螿UE",F13D0,3
833,697,15:1,g,"FATTY ACIDS, MONOUNSATURATED, 15:1, PENTADECENOIC","ACIDES GRAS MONOINSATUR蒘, 15:1, PENTAD蒀蒒O螿UE",F15D1,3
802,802,TMOS,g,TOTAL MONOSACCARIDES,MONOSACCHARIDES TOTAUX,MNSAC,2
803,803,TDIS,g,TOTAL DISACCHARIDES,DISACCHARIDES TOTAUX,DISAC,2
831,851,18:3cccn-3,g,"FATTY ACIDS, POLYUNSATURATED, 18:3 c,c,c n-3  LINOLENIC, OCTADECATRIENOIC","ACIDES GRAS POLYINSATUR蒘, 18:3 c,c,c  n-3, LINOL蒒IQUE, OCTAD蒀ATRI蒒O螿UE",F18D3CN3,3
861,852,20:3n-3,g,"FATTY ACIDS, POLYUNSATURATED, 20:3 n-3 EICOSATRIENOIC","ACIDES GRAS POLYINSATUR蒘, 20:3 n-3",F20D3N3,3
854,853,20:3n-6,g,"FATTY ACIDS, POLYUNSATURATED, 20:3 n-6, EICOSATRIENOIC","ACIDES GRAS POLYINSATUR蒘, 20:3 n-6, E螩OSATRI蒒O螿UE",F20D3N6,3
855,855,20:4n-6,g,"FATTY ACIDS, POLYUNSATURATED, 20:4 n-6, ARACHIDONIC","ACIDES GRAS POLYINSATUR蒘, 20:4 n-6, ARACHIDONIQUE",F20D4N6,3
841,856,18:3i,g,"FATTY ACIDS, POLYUNSATURATED, 18:3i, LINOLENIC, OCTADECATRIENOIC","ACIDES GRAS POLYINSATUR蒘, 18:3i, LINOL蒒IQUE, OCTAD蒀ATRI蒒O螿UE",,3
843,857,21:5,g,"FATTY ACIDS, POLYUNSATURATED, 21:5","ACIDES GRAS POLYINSATUR蒘,  21:5",F21D5,3
845,858,22:4n-6,g,"FATTY ACIDS, POLYUNSATURATED, 22:4 n-6, DOCOSATETRAENOIC","ACIDES GRAS POLYINSATUR蒘, 22:4n-6, DOCOSAT蒚RA蒒O螿UE",F22D4,3
846,859,24:1undiff,g,"FATTY ACIDS, MONOUNSATURATED,  24:1undifferentiated, TETRACOSENOIC","ACIDES GRAS MONOINSATUR蒘, 24:1non diff閞enci? T蒚RACOS蒒O螿UE",F24D1,3
847,860,12:1,g,"FATTY ACIDS, MONOUNSATURATED, 12:1, LAUROLEIC","ACIDES GRAS MONOINSATUR蒘, 12:1, LAUROLEIC",F12D1,3
848,861,22:3,g,"FATTY ACIDS, POLYUNSATURATED, 22:3,","ACIDES GRAS POLYINSATUR蒘, 22:3",F22D3,3
849,862,22:2,g,"FATTY ACIDS, POLYUNSATURATED, 22:2, DOCOSADIENOIC","ACIDES GRAS POLYINSATUR蒘, 22:2, DOCOSADI蒒O螿UE",F22D2,3
868,902,TOmega n-3,g,"FATTY ACIDS, POLYUNSATURATED, TOTAL OMEGA  N-3","ACIDES GRAS POLYINSATUR蒘, TOTAUX D'OM蒅A N-3
",FAPUN3,3
869,903,TOmega n-6,g,"FATTY ACIDS, POLYUNSATURATED, TOTAL OMEGA   N-6","ACIDES GRAS POLYINSATUR蒘, TOTAUX D'OM蒅A N-6",FAPUN6,3
